Title,Price,Image_URL
Men's Black Valhalla Graphic Printed T-shirt,₹469,https://images.bewakoof.com/t640/men-s-black-valhalla-graphic-printed-t-shirt-480364-1745932027-1.jpg
Men's Iceberg Green Oversized T-shirt,₹607,https://images.bewakoof.com/t640/men-s-iceberg-green-oversized-t-shirt-662234-1757586800-1.jpg
Men's Maroon Dead Pool Jersey Graphic Printed Oversized T-shirt,₹660,https://images.bewakoof.com/t640/men-s-maroon-dead-pool-jersey-graphic-printed-oversized-t-shirt-580072-1761658537-1.jpg
Men's Skipper Blue Hulk Graphic Printed T-shirt,₹510,https://images.bewakoof.com/t640/men-s-skipper-blue-hulk-graphic-printed-t-shirt-659595-1738821954-1.jpg
Men's Blue Beetle Graphic Printed T-shirt,₹504,https://images.bewakoof.com/t640/men-s-blue-beetle-graphic-printed-t-shirt-589373-1745412238-1.jpg
Men's White Marvel Ironman Graphic Printed T-shirt,₹516,https://images.bewakoof.com/t640/men-s-white-marvel-ironman-graphic-printed-t-shirt-390747-1737711533-1.jpg
Men's Black Batman Outline Logo Graphic Printed Oversized T-shirt,₹660,https://images.bewakoof.com/t640/men-s-black-batman-outline-logo-graphic-printed-oversized-t-shirt-519159-1753167794-1.jpg
Men's Brown T-shirt,₹419,https://images.bewakoof.com/t640/men-s-brown-t-shirt-646816-1748860920-1.jpg
Men's Jet Black Bakaiti Graphic Printed Oversized T-shirt,₹899,https://images.bewakoof.com/t640/1007303_2026-06-05t10-36-45_1.jpg
Men's Jet Black What Ra Too Much Graphic Printed Oversized T-shirt,₹899,https://images.bewakoof.com/t640/1007301_2026-06-09t12-39-15_1.jpg
Men's Green Vision Out Of Focus Typography T-shirt,₹499,https://images.bewakoof.com/t640/684638_2026-05-06t10-48-21_1.jpg
Men's Brown Oversized T-shirt,₹610,https://images.bewakoof.com/t640/men-s-brown-oversized-t-shirt-646821-1763372187-1.jpg
Men's Ginger Root Brown Rooted Graphic Printed Oversized T-shirt,₹595,https://images.bewakoof.com/t640/men-s-ginger-root-brown-rooted-graphic-printed-oversized-t-shirt-689708-1758524866-1.jpg
Men's Black Oversized T-shirt,₹663,https://images.bewakoof.com/t640/men-s-black-oversized-t-shirt-624957-1748936916-1.jpg
Men's Maroon Fata Fati Graphic Printed Oversized T-shirt,₹699,https://images.bewakoof.com/t640/1007302_2026-06-09t12-39-15_1.jpg
Men's Navy Blue Sargasm Typography T-shirt,₹457,https://images.bewakoof.com/t640/men-s-navy-blue-sargasm-graphic-printed-t-shirt-691893-1763387333-1.jpg
Men's Red Moon Rider Graphic Printed Oversized T-shirt,₹675,https://images.bewakoof.com/t640/502017_2026-06-02t13-09-44_1.jpg
Men's Navy Blue Wind Wave Typography Oversized T-shirt,₹739,https://images.bewakoof.com/t640/men-s-navy-blue-wind-wave-typography-oversized-t-shirt-691901-1763975405-1.jpg
Men's Aventurine Green Good Vibes Graphic Printed T-shirt,₹477,https://images.bewakoof.com/t640/men-s-aventurine-green-good-vibes-graphic-printed-t-shirt-691910-1763387462-1.jpg
Men's Black Oversized T-shirt,₹609,https://images.bewakoof.com/t640/men-s-black-oversized-t-shirt-597336-1751459333-1.jpg
