Product_Name,Price,Image_URL
REGULAR FIT GRAPHIC PRINT T-SHIRT,"₹2,799",https://86e75ac3.nitro.getn7.io/s/files/1/0752/6435/files/POCABEIGE_1_-hm.webp
REGULAR FIT GRAPHIC PRINT T-SHIRT,"₹2,999",https://86e75ac3.nitro.getn7.io/s/files/1/0752/6435/files/8909196578787_8_hm.webp
GRAPHIC PRINT REGULAR FIT T-SHIRT,"₹2,799",https://86e75ac3.nitro.getn7.io/s/files/1/0752/6435/files/FOROFFWHITE_1_-hm.webp
GRAPHIC PRINT REGULAR FIT T-SHIRT,"₹2,799",https://86e75ac3.nitro.getn7.io/s/files/1/0752/6435/files/JOJOOFFWHITE_1_-hm.webp
GRAPHIC PRINT REGULAR FIT T-SHIRT,"₹2,799",https://86e75ac3.nitro.getn7.io/s/files/1/0752/6435/files/HOZOFFWHITE_1_-hm.webp
REGULAR FIT GRAPHIC PRINT T-SHIRT,"₹2,299",https://86e75ac3.nitro.getn7.io/s/files/1/0752/6435/files/RINNAVY__RINNAVY_08331.webp
REGULAR FIT GRAPHIC PRINT T-SHIRT,"₹2,599",https://86e75ac3.nitro.getn7.io/s/files/1/0752/6435/files/JEDBLACK00160.webp
QLO FIT GRAPHIC PRINT T-SHIRT,"₹2,299",https://86e75ac3.nitro.getn7.io/s/files/1/0752/6435/files/OVEMTEAL01216.webp
OVERSIZED FIT GRAPHIC PRINT T-SHIRT,"₹3,999",https://86e75ac3.nitro.getn7.io/s/files/1/0752/6435/files/MAPLERBLUEHM.webp
REGULAR FIT GRAPHIC PRINT T-SHIRT,"₹2,499",https://86e75ac3.nitro.getn7.io/s/files/1/0752/6435/files/KERBROWNCCC-__KERBROWNCCC-_13381.jpg
OVERSIZED FIT GRAPHIC PRINT T-SHIRT,"₹3,699",https://86e75ac3.nitro.getn7.io/s/files/1/0752/6435/files/ACTDK.BLUE10093HERO.webp
OVERSIZED FIT GRAPHIC PRINT T-SHIRT,"₹3,599",https://86e75ac3.nitro.getn7.io/s/files/1/0752/6435/files/XABPASTELRED00356_hm.webp
REGULAR FIT GRAPHIC PRINT T-SHIRT,"₹2,599",https://86e75ac3.nitro.getn7.io/s/files/1/0752/6435/files/rabo-mens-t-shirt-off-white1.jpg
OVERSIZED FIT GRAPHIC PRINT T-SHIRT,"₹4,199",https://86e75ac3.nitro.getn7.io/s/files/1/0752/6435/files/HALENBLACK00023.webp
OVERSIZED FIT GRAPHIC PRINT T-SHIRT,"₹2,999",https://86e75ac3.nitro.getn7.io/s/files/1/0752/6435/files/DRIFTOFFWHITE-DONOTCROP-01056.webp
OVERSIZED FIT GRAPHIC PRINT T-SHIRT,"₹3,699",https://86e75ac3.nitro.getn7.io/s/files/1/0752/6435/files/ACTORANGEhm.webp
OVERSIZED FIT GRAPHIC PRINT T-SHIRT,"₹3,999",https://86e75ac3.nitro.getn7.io/s/files/1/0752/6435/files/VOYWHITE09836HERO.webp
OVERSIZED FIT GRAPHIC PRINT T-SHIRT,"₹4,199",https://86e75ac3.nitro.getn7.io/s/files/1/0752/6435/files/TEMPEPETROL01287.webp
REGULAR FIT GRAPHIC PRINT T-SHIRT,"₹2,799",https://86e75ac3.nitro.getn7.io/s/files/1/0752/6435/files/REKNAVY00401.webp
OVERSIZED FIT GRAPHIC PRINT T-SHIRT,"₹3,399",https://86e75ac3.nitro.getn7.io/s/files/1/0752/6435/files/CRUZOBLACK00153.webp
